{
  "BTCUSDT": [
    {
      "open_time": 1748736000000,
      "open": 104544.6,
      "high": 104599.6,
      "low": 104544.6,
      "close": 104599.5,
      "volume": 72.711,
      "quote_asset_volume": 7603109.2337,
      "number_of_trades": 1105,
      "taker_buy_base_asset_volume": 62.555,
      "taker_buy_quote_asset_volume": 6540970.4709,
      "cc_return": 0.0,
      "oc_return": 0.0005249968921994252,
      "hl_range": 0.0005259529192560564,
      "imbalance": 0.8603237474384894,
      "realized_volatility": null,
      "token_ids": [
        1,
        5,
        9,
        12,
        42,
        58,
        98,
        115,
        139,
        186,
        205,
        242,
        249,
        3
      ]
    },
    {
      "open_time": 1748736060000,
      "open": 104599.5,
      "high": 104599.6,
      "low": 104536.3,
      "close": 104554.5,
      "volume": 64.235,
      "quote_asset_volume": 6716735.0125,
      "number_of_trades": 1458,
      "taker_buy_base_asset_volume": 22.305,
      "taker_buy_quote_asset_volume": 2332036.2656,
      "cc_return": -0.0004303049494094324,
      "oc_return": -0.0004303049494094324,
      "hl_range": 0.0006053480242549369,
      "imbalance": 0.3472406009185024,
      "realized_volatility": null,
      "token_ids": [
        1,
        5,
        9,
        12,
        42,
        48,
        78,
        117,
        139,
        185,
        208,
        227,
        249,
        3
      ]
    },
    {
      "open_time": 1748736120000,
      "open": 104554.6,
      "high": 104554.6,
      "low": 104476.8,
      "close": 104540.0,
      "volume": 206.472,
      "quote_asset_volume": 21577414.6251,
      "number_of_trades": 3414,
      "taker_buy_base_asset_volume": 33.745,
      "taker_buy_quote_asset_volume": 3526272.8294,
      "cc_return": -0.00013869327048965374,
      "oc_return": -0.00013964970901803042,
      "hl_range": 0.000744385806079606,
      "imbalance": 0.16343620442481302,
      "realized_volatility": null,
      "token_ids": [
        1,
        5,
        9,
        12,
        42,
        53,
        83,
        120,
        145,
        191,
        216,
        223,
        249,
        3
      ]
    },
    {
      "open_time": 1748736180000,
      "open": 104539.9,
      "high": 104561.0,
      "low": 104514.1,
      "close": 104514.1,
      "volume": 22.128,
      "quote_asset_volume": 2313195.9338,
      "number_of_trades": 1080,
      "taker_buy_base_asset_volume": 9.58,
      "taker_buy_quote_asset_volume": 1001471.0164,
      "cc_return": -0.0002477827522398002,
      "oc_return": -0.00024682618013471824,
      "hl_range": 0.00044864262446076,
      "imbalance": 0.4329356471438901,
      "realized_volatility": null,
      "token_ids": [
        1,
        5,
        9,
        12,
        42,
        51,
        81,
        113,
        134,
        177,
        205,
        230,
        249,
        3
      ]
    },
    {
      "open_time": 1748736240000,
      "open": 104514.1,
      "high": 104514.2,
      "low": 104476.7,
      "close": 104476.8,
      "volume": 52.751,
      "quote_asset_volume": 5512029.5342,
      "number_of_trades": 1467,
      "taker_buy_base_asset_volume": 20.458,
      "taker_buy_quote_asset_volume": 2137708.5971,
      "cc_return": -0.00035695334482177543,
      "oc_return": -0.00035695334482177543,
      "hl_range": 0.0003588673038148471,
      "imbalance": 0.3878220318098235,
      "realized_volatility": null,
      "token_ids": [
        1,
        5,
        9,
        12,
        42,
        49,
        79,
        111,
        138,
        184,
        208,
        229,
        249,
        3
      ]
    }
  ],
  "ETHUSDT": [
    {
      "open_time": 1748736000000,
      "open": 2527.08,
      "high": 2527.98,
      "low": 2526.23,
      "close": 2527.81,
      "volume": 1766.959,
      "quote_asset_volume": 4464880.57549,
      "number_of_trades": 2607,
      "taker_buy_base_asset_volume": 1036.02,
      "taker_buy_quote_asset_volume": 2617867.77523,
      "cc_return": 0.0,
      "oc_return": 0.0002888292346918675,
      "hl_range": 0.000692492029390479,
      "imbalance": 0.586329394173832,
      "realized_volatility": null,
      "token_ids": [
        1,
        6,
        9,
        12,
        42,
        58,
        95,
        119,
        156,
        182,
        214,
        236,
        249,
        3
      ]
    },
    {
      "open_time": 1748736060000,
      "open": 2527.82,
      "high": 2527.82,
      "low": 2523.78,
      "close": 2525.19,
      "volume": 3396.184,
      "quote_asset_volume": 8574897.41364,
      "number_of_trades": 3299,
      "taker_buy_base_asset_volume": 859.083,
      "taker_buy_quote_asset_volume": 2169132.20847,
      "cc_return": -0.0010370078111190395,
      "oc_return": -0.0010409637968216146,
      "hl_range": 0.001599493570876298,
      "imbalance": 0.25295537579824884,
      "realized_volatility": null,
      "token_ids": [
        1,
        6,
        9,
        12,
        42,
        44,
        74,
        129,
        158,
        187,
        216,
        225,
        249,
        3
      ]
    },
    {
      "open_time": 1748736120000,
      "open": 2525.19,
      "high": 2526.31,
      "low": 2524.0,
      "close": 2526.31,
      "volume": 2131.902,
      "quote_asset_volume": 5382892.30936,
      "number_of_trades": 2457,
      "taker_buy_base_asset_volume": 1081.868,
      "taker_buy_quote_asset_volume": 2731699.63406,
      "cc_return": 0.0004434326510347475,
      "oc_return": 0.0004434326510347475,
      "hl_range": 0.0009147953931911701,
      "imbalance": 0.5074661030385074,
      "realized_volatility": null,
      "token_ids": [
        1,
        6,
        9,
        12,
        42,
        67,
        97,
        123,
        156,
        184,
        214,
        233,
        249,
        3
      ]
    },
    {
      "open_time": 1748736180000,
      "open": 2526.31,
      "high": 2527.93,
      "low": 2525.02,
      "close": 2525.04,
      "volume": 2436.094,
      "quote_asset_volume": 6156068.1295,
      "number_of_trades": 2569,
      "taker_buy_base_asset_volume": 715.963,
      "taker_buy_quote_asset_volume": 1808727.85668,
      "cc_return": -0.0005028358861522975,
      "oc_return": -0.0005028358861522975,
      "hl_range": 0.0011518025397885268,
      "imbalance": 0.29389793661492536,
      "realized_volatility": null,
      "token_ids": [
        1,
        6,
        9,
        12,
        42,
        47,
        77,
        126,
        157,
        184,
        214,
        226,
        249,
        3
      ]
    },
    {
      "open_time": 1748736240000,
      "open": 2525.04,
      "high": 2525.5,
      "low": 2523.01,
      "close": 2523.5,
      "volume": 1965.398,
      "quote_asset_volume": 4960240.7304,
      "number_of_trades": 2208,
      "taker_buy_base_asset_volume": 541.823,
      "taker_buy_quote_asset_volume": 1367498.03944,
      "cc_return": -0.0006100773878250365,
      "oc_return": -0.0006100773878250365,
      "hl_range": 0.0009864297394308608,
      "imbalance": 0.27568105798418435,
      "realized_volatility": null,
      "token_ids": [
        1,
        6,
        9,
        12,
        42,
        46,
        76,
        124,
        156,
        183,
        213,
        225,
        249,
        3
      ]
    }
  ],
  "SOLUSDT": [
    {
      "open_time": 1748736000000,
      "open": 156.36,
      "high": 156.47,
      "low": 156.35,
      "close": 156.47,
      "volume": 4528.04,
      "quote_asset_volume": 708208.9893,
      "number_of_trades": 843,
      "taker_buy_base_asset_volume": 2941.82,
      "taker_buy_quote_asset_volume": 460122.1739,
      "cc_return": 0.0,
      "oc_return": 0.0007032573892118421,
      "hl_range": 0.0007672144101160683,
      "imbalance": 0.6496894903755268,
      "realized_volatility": null,